{
  "accuracy": 0.6255,
  "precision": 0.6292481977342945,
  "recall": 0.611,
  "f1_score": 0.6199898528665652,
  "roc_auc": 0.67425875
}