{
  "accuracy": 0.62525,
  "precision": 0.6285274499743458,
  "recall": 0.6125,
  "f1_score": 0.6204102304380856,
  "roc_auc": 0.672581875
}